Товар,Ціна
Мобильный телефон Samsung Galaxy M52 5G 6/128GB Light Blue (SM-M526BLBHSEK),9 999 грн
Мобильный телефон Apple iPhone 11 128GB Black Slim Box (MHDH3) Официальная гарантия,20 499 грн
Мобильный телефон Samsung Galaxy S22 Ultra 12/512GB Phantom Black (SM-S908BZKHSEK) + Samsung Galaxy Buds Pro в подарок!,45 999 грн
Мобильный телефон Samsung Galaxy S21 FE 6/128GB Olive (SM-G990BLGDSEK),21 999 грн
Мобильный телефон Xiaomi 11 Lite 5G NE 8/128GB Truffle Black,10 999 грн
Мобильный телефон Samsung Galaxy S20 FE (2021) 8/256GB Light Violet (SM-G780GLVHSEK),18 999 грн
Мобильный телефон Samsung Galaxy S22 8/128GB Phantom Black (SM-S901BZKDSEK) + Samsung Galaxy Buds Pro в подарок!,27 999 грн
Мобильный телефон Apple iPhone 13 Pro Max 256GB Sierra Blue Официальная гарантия,44 999 грн
Мобильный телефон Motorola Moto G60 6/128GB Haze Gray (PANB0007RS),6 999 грн
Мобильный телефон Xiaomi Redmi 9A 2/32GB Granite Gray (M2006C3LG),2 999 грн
Мобильный телефон Samsung Galaxy S22 Plus 8/256GB Phantom White (SM-S906BZWGSEK) + Samsung Galaxy Buds Pro в подарок!,34 999 грн
Мобильный телефон Xiaomi 11T 8/128GB Meteorite Gray,14 499 грн
Мобильный телефон Samsung Galaxy S21 8/128GB Phantom Violet (SM-G991BZVDSEK),22 999 грн
Мобильный телефон ZTE Blade V2020 Smart 4/64GB Grey + чехол в подарок!,3 799 грн
Мобильный телефон Apple iPhone 13 128GB Pink Официальная гарантия,27 499 грн
Мобильный телефон Samsung Galaxy M22 4/128GB Light Blue (SM-M225FLBGSEK),6 499 грн
Мобильный телефон ZTE RedMagic 6R 8/128GB Cosmos + чехол в подарок!,12 999 грн
Мобильный телефон Samsung Galaxy A32 4/64GB Blue,7 199 грн
Мобильный телефон Apple iPhone 12 64GB Purple Официальная гарантия,23 799 грн
Мобильный телефон ZTE Blade V30 Vita 4/128GB Gray (850646),4 499 грн
Мобильный телефон Samsung Galaxy S21 Ultra 12/256GB Phantom Black (SM-G998BZKGSEK),31 999 грн
Мобильный телефон ZTE Blade A51 2/32GB Gray (850640),2 999 грн
Мобильный телефон ZTE Blade A31 2/32GB Gray (850638),2 699 грн
Мобильный телефон OPPO A16 3/32GB Crystal Black,4 499 грн
Мобильный телефон ZTE Blade A5 2020 2/32GB Blue,2 699 грн
Мобильный телефон Nokia 1.4 2/32GB Grey (F20BTX1362013),2 899 грн
Мобильный телефон OPPO A74 4/128GB Black,7 999 грн
Мобильный телефон Vivo V21 8/128GB Sunset Dazzle,12 999 грн
Мобильный телефон Huawei P Smart 2021 NFC 128GB Green,4 999 грн
Мобильный телефон ZTE Blade L8 1/16GB Black,1 799 грн
Мобильный телефон Asus ROG Phone 5 16/256GB Phantom Black (90AI0051-M01270),29 999 грн
Мобильный телефон Apple iPhone 13 Pro 128GB Graphite Официальная гарантия,37 499 грн
Мобильный телефон Motorola E7 Power 4/64GB Tahiti Blue (789433),3 499 грн
Мобильный телефон ZTE Blade A51 2/64GB Gray (850642),3 499 грн
Мобильный телефон Apple iPhone 11 64GB Green Slim Box (MHDG3) Официальная гарантия,17 999 грн
Мобильный телефон Samsung Galaxy S21 Plus 8/128GB Phantom Violet (SM-G996BZVDSEK),25 999 грн
Мобильный телефон OnePlus Nord 8/128GB Blue Marble (5011101199),10 999 грн
Мобильный телефон Motorola Moto E20 2/32GB Graphite (PASY0010RS),2 999 грн
Мобильный телефон OnePlus 8T 12/256GB Aquamarine Green (5011101270),14 999 грн
Мобильный телефон Vivo Y31 4/128GB Ocean Blue,6 499 грн
Мобильный телефон Asus ROG Phone 5 12/256GB Phantom Black (90AI0051-M01260),27 777 грн
Мобильный телефон Apple iPhone 13 Pro Max 128GB Gold Официальная гарантия,41 499 грн
Мобильный телефон Samsung Galaxy Z Flip3 8/128GB Cream (SM-F711BZEASEK/SM-F711BZEBSEK),24 999 грн
Мобильный телефон OPPO Reno5 Lite 8/128GB Purple,9 999 грн
Мобильный телефон Apple iPhone 13 mini 128GB Starlight Официальная гарантия,23 899 грн
Мобильный телефон Motorola E6i 2/32GB Meteor Grey (789432),2 899 грн
Мобильный телефон Apple iPhone 13 256GB Starlight Официальная гарантия,31 499 грн
Мобильный телефон ZTE Blade A3 2020 1/32GB NFC Grey + чехол в подарок!,2 299 грн
Мобильный телефон OPPO A54 4/64GB Black,5 777 грн
Мобильный телефон Apple iPhone 13 Pro Max 512GB Gold Официальная гарантия,52 499 грн
Мобильный телефон ZTE Nubia Play 5G 8/256GB Blue,8 999 грн
Мобильный телефон Nokia 150 TA-1235 DualSim Black (16GMNB01A16),1 298 грн
Мобильный телефон Nokia 125 TA-1253 DualSim Black (16GMNB01A17),1 149 грн
Мобильный телефон Samsung Galaxy A52 8/256GB Black,11 999 грн
Мобильный телефон Samsung Galaxy A52 4/128GB Blue,9 499 грн
Мобильный телефон Samsung Galaxy A12 Nacho 4/64GB Blue (SM-A127FZBVSEK),4 999 грн
Мобильный телефон Samsung Galaxy A32 4/128GB Lavender,7 799 грн
Мобильный телефон Samsung Galaxy M12 4/64GB Light Blue (SM-M127FLBVSEK),4 399 грн
Мобильный телефон Apple iPhone 13 Pro 256GB Sierra Blue Официальная гарантия,41 499 грн
Мобильный телефон Xiaomi Redmi 9C 3/64GB Twilight Blue (660926),3 899 грн
